datetime, msg
12/23/2019 13:53,pdf_stuff.main() ğŸ‘Œ
12/23/2019 13:53,msleg_scraper.main() ğŸ‘Œ
12/23/2019 13:53,ğŸ¾ Cheers! ğŸ¥‚ğŸ¥‚ğŸ¥‚
12/23/2019 14:05,pdf_stuff.main() ğŸ‘Œ
12/23/2019 14:05,msleg_scraper.main() ğŸ‘Œ
12/23/2019 14:05,ğŸ¾ Cheers! ğŸ¥‚ğŸ¥‚ğŸ¥‚
12/23/2019 15:56,pdf_stuff.main() ğŸ‘Œ
12/23/2019 15:56,msleg_scraper.main() ğŸ‘Œ
12/23/2019 15:56,ğŸ¾ Cheers! ğŸ¥‚ğŸ¥‚ğŸ¥‚
12/23/2019 16:53,pdf_stuff.main() ğŸ‘Œ
12/23/2019 16:54,msleg_scraper.main() ğŸ‘Œ
12/23/2019 16:54,ğŸ¾ Cheers! ğŸ¥‚ğŸ¥‚ğŸ¥‚
12/23/2019 17:13,pdf_stuff.main() ğŸ‘Œ
12/23/2019 17:13,msleg_scraper.main() ğŸ‘Œ
12/23/2019 17:13,ğŸ¾ Cheers! ğŸ¥‚ğŸ¥‚ğŸ¥‚
12/23/2019 19:28,pdf_stuff.main() ğŸ‘Œ
12/23/2019 19:28,ğŸ¾ Cheers! ğŸ¥‚ğŸ¥‚ğŸ¥‚
12/23/2019 20:26,pdf_stuff.main() ğŸ‘Œ
12/23/2019 20:26,ğŸ¾ Cheers! ğŸ¥‚ğŸ¥‚ğŸ¥‚
12/23/2019 21:05,pdf_stuff.main() ğŸ‘Œ
12/23/2019 21:05,ğŸ¾ Cheers! ğŸ¥‚ğŸ¥‚ğŸ¥‚
12/23/2019 22:07,pdf_stuff.main() ğŸ‘Œ
12/23/2019 22:07,ğŸ¾ Cheers! ğŸ¥‚ğŸ¥‚ğŸ¥‚
12/23/2019 23:06,pdf_stuff.main() ğŸ‘Œ
12/23/2019 23:06,ğŸ¾ Cheers! ğŸ¥‚ğŸ¥‚ğŸ¥‚
12/24/2019 00:06,pdf_stuff.main() ğŸ‘Œ
12/24/2019 00:06,ğŸ¾ Cheers! ğŸ¥‚ğŸ¥‚ğŸ¥‚
12/24/2019 01:06,pdf_stuff.main() ğŸ‘Œ
12/24/2019 01:06,ğŸ¾ Cheers! ğŸ¥‚ğŸ¥‚ğŸ¥‚
12/24/2019 02:09,pdf_stuff.main() ğŸ‘Œ
12/24/2019 03:07,pdf_stuff.main() ğŸ‘Œ
12/24/2019 03:07,ğŸ¾ Cheers! ğŸ¥‚ğŸ¥‚ğŸ¥‚
12/24/2019 04:05,pdf_stuff.main() ğŸ‘Œ
12/24/2019 04:05,ğŸ¾ Cheers! ğŸ¥‚ğŸ¥‚ğŸ¥‚
12/24/2019 05:06,pdf_stuff.main() ğŸ‘Œ
12/24/2019 05:06,ğŸ¾ Cheers! ğŸ¥‚ğŸ¥‚ğŸ¥‚
12/24/2019 06:06,pdf_stuff.main() ğŸ‘Œ
12/24/2019 06:06,ğŸ¾ Cheers! ğŸ¥‚ğŸ¥‚ğŸ¥‚
12/24/2019 07:06,pdf_stuff.main() ğŸ‘Œ
12/24/2019 07:06,msleg_scraper.main() ğŸ‘Œ
12/24/2019 07:06,ğŸ¾ Cheers! ğŸ¥‚ğŸ¥‚ğŸ¥‚
12/24/2019 08:05,pdf_stuff.main() ğŸ‘Œ
12/24/2019 08:05,msleg_scraper.main() ğŸ‘Œ
12/24/2019 08:05,ğŸ¾ Cheers! ğŸ¥‚ğŸ¥‚ğŸ¥‚
12/24/2019 09:07,pdf_stuff.main() ğŸ‘Œ
12/24/2019 09:07,msleg_scraper.main() ğŸ‘Œ
12/24/2019 09:07,ğŸ¾ Cheers! ğŸ¥‚ğŸ¥‚ğŸ¥‚
12/24/2019 10:05,pdf_stuff.main() ğŸ‘Œ
12/24/2019 10:05,msleg_scraper.main() ğŸ‘Œ
12/24/2019 10:05,ğŸ¾ Cheers! ğŸ¥‚ğŸ¥‚ğŸ¥‚
12/24/2019 11:05,pdf_stuff.main() ğŸ‘Œ
12/24/2019 11:05,msleg_scraper.main() ğŸ‘Œ
12/24/2019 11:05,ğŸ¾ Cheers! ğŸ¥‚ğŸ¥‚ğŸ¥‚
12/24/2019 12:05,pdf_stuff.main() ğŸ‘Œ
12/24/2019 12:05,msleg_scraper.main() ğŸ‘Œ
12/24/2019 12:05,ğŸ¾ Cheers! ğŸ¥‚ğŸ¥‚ğŸ¥‚
12/24/2019 13:06,pdf_stuff.main() ğŸ‘Œ
12/24/2019 13:06,msleg_scraper.main() ğŸ‘Œ
12/24/2019 13:06,ğŸ¾ Cheers! ğŸ¥‚ğŸ¥‚ğŸ¥‚
12/24/2019 14:05,pdf_stuff.main() ğŸ‘Œ
12/24/2019 14:06,msleg_scraper.main() ğŸ‘Œ
12/24/2019 14:06,ğŸ¾ Cheers! ğŸ¥‚ğŸ¥‚ğŸ¥‚
12/24/2019 15:08,pdf_stuff.main() ğŸ‘Œ
12/24/2019 15:08,msleg_scraper.main() ğŸ‘Œ
12/24/2019 15:08,ğŸ¾ Cheers! ğŸ¥‚ğŸ¥‚ğŸ¥‚
12/24/2019 16:05,pdf_stuff.main() ğŸ‘Œ
12/24/2019 16:06,msleg_scraper.main() ğŸ‘Œ
12/24/2019 16:06,ğŸ¾ Cheers! ğŸ¥‚ğŸ¥‚ğŸ¥‚
12/24/2019 17:06,pdf_stuff.main() ğŸ‘Œ
12/24/2019 17:06,msleg_scraper.main() ğŸ‘Œ
12/24/2019 17:06,ğŸ¾ Cheers! ğŸ¥‚ğŸ¥‚ğŸ¥‚
12/24/2019 18:06,pdf_stuff.main() ğŸ‘Œ
12/24/2019 18:06,msleg_scraper.main() ğŸ‘Œ
12/24/2019 18:06,ğŸ¾ Cheers! ğŸ¥‚ğŸ¥‚ğŸ¥‚
12/24/2019 19:06,pdf_stuff.main() ğŸ‘Œ
12/24/2019 19:06,msleg_scraper.main() ğŸ‘Œ
12/24/2019 19:06,ğŸ¾ Cheers! ğŸ¥‚ğŸ¥‚ğŸ¥‚
12/24/2019 20:05,pdf_stuff.main() ğŸ‘Œ
12/24/2019 20:05,ğŸ¾ Cheers! ğŸ¥‚ğŸ¥‚ğŸ¥‚
12/24/2019 21:07,pdf_stuff.main() ğŸ‘Œ
12/24/2019 21:07,ğŸ¾ Cheers! ğŸ¥‚ğŸ¥‚ğŸ¥‚
12/24/2019 22:05,pdf_stuff.main() ğŸ‘Œ
12/24/2019 22:05,ğŸ¾ Cheers! ğŸ¥‚ğŸ¥‚ğŸ¥‚
12/24/2019 23:07,pdf_stuff.main() ğŸ‘Œ
12/24/2019 23:07,ğŸ¾ Cheers! ğŸ¥‚ğŸ¥‚ğŸ¥‚
12/25/2019 00:05,pdf_stuff.main() ğŸ‘Œ
12/25/2019 00:05,ğŸ¾ Cheers! ğŸ¥‚ğŸ¥‚ğŸ¥‚
12/25/2019 01:07,pdf_stuff.main() ğŸ‘Œ
12/25/2019 01:07,ğŸ¾ Cheers! ğŸ¥‚ğŸ¥‚ğŸ¥‚
12/25/2019 02:14,pdf_stuff.main() ğŸ‘Œ
